courseId,name,class,lecturer,room,day,startSlot,endSlot,startTime,endTime,durationSlots,roomType,capacityNeed
MG1BK02,Berpikir Kreatif Sistemik,MG-1B,Roostikasari Nugraheni  S.Hum.  M.Med.Kom.,G3.R4,Mon,0,4,07:30,10:50,4,theory,30
FE1BS13,Manajemen Pemasaran,AK-3B,Alfina  S.M.  M.M.,G4.R2,Wed,4,10,10:50,15:50,6,theory,30
MG1P353,Manajemen Ritel,MG-A,Aditya Narendra Wardhana  S.T.  M.SM.,C102,Fri,0,6,07:30,12:30,6,theory,30
FE1MB03,Matematika Bisnis,AK-1B,Aditya Narendra Wardhana  S.T.  M.SM.,G3.R1,Wed,8,14,14:10,19:10,6,theory,30
MG1PO13,Perilaku Organisasi,MG-5B,Mirza Dwinanda Ilmawan  S.E.  M.M.,Coal Mill 205,Wed,4,10,10:50,15:50,6,theory,30
MG1PB03,Pengantar Bisnis,MG-1C,Dr. Gatot Kustyadji  S.E.  M.Si,G4.R2,Tue,6,12,12:30,17:30,6,theory,30
MG7MM13,Manajemen Merek,MG-A,Alfina  S.M.  M.M.,G4.R4,Tue,0,6,07:30,12:30,6,theory,30
MG1X453,Komunikasi Pemasaran Terpadu,MG-A,Alfina  S.M.  M.M.,G4.R3,Mon,0,6,07:30,12:30,6,theory,30
FE1BS13,Manajemen Pemasaran,AK-3B,Alfina  S.M.  M.M.,Coal Mill 102,Thu,6,12,12:30,17:30,6,theory,30
MG1BK02,Berpikir Kreatif Sistemik,MG-1B,Roostikasari Nugraheni  S.Hum.  M.Med.Kom.,Coal Mill 208,Wed,10,14,15:50,19:10,4,theory,30
FE1BS13,Manajemen Pemasaran,AK-3B,Alfina  S.M.  M.M.,G3.R5,Fri,0,6,07:30,12:30,6,theory,30
MG1AB23,Akuntansi Biaya,MG-3B,Marisya Mahdia Khoirina  S.M.  M.M.,G3.R5,Thu,8,14,14:10,19:10,6,theory,30
MG1PA03,Pengantar Akuntansi 1,MG-1C,Husnunnida Maharani,Coal Mill 207,Thu,0,6,07:30,12:30,6,theory,30
MG1PA03,Pengantar Akuntansi 1,MG-1C,Husnunnida Maharani,Coal Mill 301,Fri,0,6,07:30,12:30,6,theory,30
MG1PA03,Pengantar Akuntansi 1,MG-1C,Husnunnida Maharani,Coal Mill 101,Tue,0,6,07:30,12:30,6,theory,30
MG1MK13,Metode Kuantitatif Bisnis,MG-5B,Lisa Risfana Sari S.Si.  M.Si,G3.R4,Thu,10,14,15:50,19:10,4,theory,30
MG1PF13,Perpajakan dan Fiskal,MG-5B,Yanuar Trisnowati  S.E.  M.M.,G4.R3,Tue,3,9,10:00,15:00,6,theory,30
MG1AP33,Penganggaran Perusahaan,MG-7B,Yanuar Trisnowati  S.E.  M.M.,Coal Mill 101,Thu,1,7,08:20,13:20,6,theory,30
FE1IM03,Pengantar Bisnis,AK-1B,Muhammad Akbar  S.E.  M.Acc.  Ak.,G3.R3,Wed,0,6,07:30,12:30,6,theory,30
GS1EP03,Kewirausahaan,DKV-5A,Rizky Noviasri  S.Sn.  M.Ds.,Coal Mill 103,Mon,0,4,07:30,10:50,4,theory,30
MG1MK12,Manajemen Kinerja,MG-7C,Kharis,Coal Mill 202,Wed,10,14,15:50,19:10,4,theory,30
FE1IM03,Pengantar Bisnis,AK-1B,Muhammad Akbar  S.E.  M.Acc.  Ak.,Coal Mill 205,Tue,1,7,08:20,13:20,6,theory,30
FE1IM03,Pengantar Bisnis,AK-1B,Muhammad Akbar  S.E.  M.Acc.  Ak.,Coal Mill 205,Tue,7,13,13:20,18:20,6,theory,30
GS1EP03,Kewirausahaan,DKV-5A,Rizky Noviasri  S.Sn.  M.Ds.,Coal Mill 204,Fri,0,4,07:30,10:50,4,theory,30
FE1MI03,Ekonomi Mikro,ES-1A,Elsi Mersilia Hanesti  S.EI.  M.SE,C101,Wed,1,7,08:20,13:20,6,theory,30
FE1MI03,Ekonomi Mikro,ES-1A,Elsi Mersilia Hanesti  S.EI.  M.SE,Coal Mill 201,Fri,8,14,14:10,19:10,6,theory,30
FE1MI03,Ekonomi Mikro,ES-1A,Elsi Mersilia Hanesti  S.EI.  M.SE,C102,Mon,6,12,12:30,17:30,6,theory,30
MG1MK12,Manajemen Kinerja,MG-7C,Kharis,G4.R4,Thu,5,9,11:40,15:00,4,theory,30
MG1MK12,Manajemen Kinerja,MG-7C,Kharis,C101,Fri,6,10,12:30,15:50,4,theory,30
MG1EB12,Hukum Etika Bisnis,MG-5B,Lolita,Coal Mill 201,Thu,6,10,12:30,15:50,4,theory,30
MG1EB12,Hukum Etika Bisnis,MG-5B,Lolita,Coal Mill 201,Thu,0,4,07:30,10:50,4,theory,30
FE1MB03,Matematika Bisnis,AK-1B,Aditya Narendra Wardhana  S.T.  M.SM.,G3.R6,Thu,0,6,07:30,12:30,6,theory,30
MG1SB33,Statistika 2,MG-3B,Sekarsari Utami Wijaya  S.Stat,Coal Mill 103,Wed,8,14,14:10,19:10,6,theory,30
MG1MK13,Metode Kuantitatif Bisnis,MG-5B,Lisa Risfana Sari S.Si.  M.Si,Coal Mill 207,Tue,9,13,15:00,18:20,4,theory,30
MG1MK13,Metode Kuantitatif Bisnis,MG-5B,Lisa Risfana Sari S.Si.  M.Si,C101,Thu,4,8,10:50,14:10,4,theory,30
FE1MB03,Matematika Bisnis,AK-1B,Aditya Narendra Wardhana  S.T.  M.SM.,Coal Mill 208,Wed,0,6,07:30,12:30,6,theory,30
MG1SB33,Statistika 2,MG-3B,Sekarsari Utami Wijaya  S.Stat,Aula A,Mon,2,8,09:10,14:10,6,theory,30
MG1AB23,Akuntansi Biaya,MG-3B,Marisya Mahdia Khoirina  S.M.  M.M.,G4.R1,Thu,2,8,09:10,14:10,6,theory,30
MG1MT13,Manajemen Strategi,MG-5C,Johan Samudra,Coal Mill 201,Tue,8,14,14:10,19:10,6,theory,30
GS1EP03,Kewirausahaan,DKV-5A,Rizky Noviasri  S.Sn.  M.Ds.,Coal Mill 302,Thu,2,6,09:10,12:30,4,theory,30
MG1AB23,Akuntansi Biaya,MG-3B,Marisya Mahdia Khoirina  S.M.  M.M.,G4.R3,Fri,4,10,10:50,15:50,6,theory,30
MG1SB02,Simulasi Kelayakan Bisnis,MG-5A,Rosa Rilantiana  S.E.  M.M.,G4.R2,Thu,9,13,15:00,18:20,4,theory,30
MG1SB02,Simulasi Kelayakan Bisnis,MG-5A,Rosa Rilantiana  S.E.  M.M.,G3.R2,Fri,10,14,15:50,19:10,4,theory,30
MG1MS13,Manajemen Sumber Daya Manusia,MG-3C,Dr. Gatot Kustyadji  S.E.  M.Si,G4.R2,Wed,8,14,14:10,19:10,6,theory,30
MG1PO13,Perilaku Organisasi,MG-5B,Mirza Dwinanda Ilmawan  S.E.  M.M.,G4.R4,Fri,7,13,13:20,18:20,6,theory,30
MG1P953,Manajemen Kompensasi,MG-A,Dr. Gatot Kustyadji  S.E.  M.Si,Coal Mill 302,Fri,8,14,14:10,19:10,6,theory,30
MG1X253,Pelatihan dan Pengembangan SDM,MG-A,Mirza Dwinanda Ilmawan  S.E.  M.M.,Coal Mill 208,Thu,0,6,07:30,12:30,6,theory,30
MG1BK02,Berpikir Kreatif Sistemik,MG-1B,Roostikasari Nugraheni  S.Hum.  M.Med.Kom.,Coal Mill 101,Fri,0,4,07:30,10:50,4,theory,30
MG1PO13,Perilaku Organisasi,MG-5B,Mirza Dwinanda Ilmawan  S.E.  M.M.,G3.R1,Fri,0,6,07:30,12:30,6,theory,30
MG1PS33,Proyek Bisnis Sosial,MG-3A,Rosa Rilantiana  S.E.  M.M.,Coal Mill 301,Fri,4,10,10:50,15:50,6,theory,30
MG1PS33,Proyek Bisnis Sosial,MG-3A,Rosa Rilantiana  S.E.  M.M.,G4.R2,Thu,3,9,10:00,15:00,6,theory,30
MG1X153,Bisnis Internasional,MG-A,Dr. Ir. Chabib Bahari  S.E.  M.M.,G3.R2,Mon,6,12,12:30,17:30,6,theory,30
MG1X153,Bisnis Internasional,MG-A,Dr. Ir. Chabib Bahari  S.E.  M.M.,Coal Mill 202,Tue,6,12,12:30,17:30,6,theory,30
MG1PB03,Pengantar Bisnis,MG-1C,Dr. Gatot Kustyadji  S.E.  M.Si,Limestone,Mon,8,14,14:10,19:10,6,theory,30
MG1MS13,Manajemen Sumber Daya Manusia,MG-3C,Dr. Gatot Kustyadji  S.E.  M.Si,G3.R2,Fri,0,6,07:30,12:30,6,theory,30
MG1PB03,Pengantar Bisnis,MG-1C,Dr. Gatot Kustyadji  S.E.  M.Si,G4.R1,Wed,2,8,09:10,14:10,6,theory,30
MG1MS13,Manajemen Sumber Daya Manusia,MG-3C,Dr. Gatot Kustyadji  S.E.  M.Si,G4.R2,Tue,0,6,07:30,12:30,6,theory,30
MG1MT13,Manajemen Strategi,MG-5C,Johan Samudra,C102,Mon,8,14,14:10,19:10,6,theory,30
MG1MT13,Manajemen Strategi,MG-5C,Johan Samudra,Coal Mill 208,Wed,6,12,12:30,17:30,6,theory,30
MG1RB33,Riset Bisnis,MG-7C,Rosa Rilantiana  S.E.  M.M.,G3.R4,Mon,8,14,14:10,19:10,6,theory,30
MG1PS33,Proyek Bisnis Sosial,MG-3A,Rosa Rilantiana  S.E.  M.M.,G3.R4,Wed,0,6,07:30,12:30,6,theory,30
MG1SB02,Simulasi Kelayakan Bisnis,MG-5A,Rosa Rilantiana  S.E.  M.M.,C102,Tue,0,4,07:30,10:50,4,theory,30
MG1RB33,Riset Bisnis,MG-7C,Rosa Rilantiana  S.E.  M.M.,Coal Mill 301,Mon,1,7,08:20,13:20,6,theory,30
MG1RB33,Riset Bisnis,MG-7C,Rosa Rilantiana  S.E.  M.M.,G4.R3,Tue,8,14,14:10,19:10,6,theory,30
MG1SB33,Statistika 2,MG-3B,Sekarsari Utami Wijaya  S.Stat,G3.R5,Tue,8,14,14:10,19:10,6,theory,30
MG1PF13,Perpajakan dan Fiskal,MG-5B,Yanuar Trisnowati  S.E.  M.M.,Coal Mill 205,Mon,0,6,07:30,12:30,6,theory,30
MG1AP33,Penganggaran Perusahaan,MG-7B,Yanuar Trisnowati  S.E.  M.M.,G3.R2,Fri,6,12,12:30,17:30,6,theory,30
MG1P753,Keuangan Korporasi,MG-A,Sugeng Firdausi  S.E.  Ak.   M.M. MIFP.,Coal Mill 203,Wed,2,8,09:10,14:10,6,theory,30
MG1K453,Perencanaan Keuangan,MG-A,Yanuar Trisnowati  S.E.  M.M.,G4.R1,Wed,8,14,14:10,19:10,6,theory,30
MG1PF13,Perpajakan dan Fiskal,MG-5B,Yanuar Trisnowati  S.E.  M.M.,Aula A,Mon,8,14,14:10,19:10,6,theory,30
MG1AP33,Penganggaran Perusahaan,MG-7B,Yanuar Trisnowati  S.E.  M.M.,Coal Mill 101,Thu,7,13,13:20,18:20,6,theory,30
GS1EP03,Kewirausahaan,DKV-5A,Rizky Noviasri  S.Sn.  M.Ds.,C101,Tue,0,4,07:30,10:50,4,theory,30
FE1MI03,Ekonomi Mikro,ES-1A,Elsi Mersilia Hanesti  S.EI.  M.SE,Coal Mill 206,Fri,2,8,09:10,14:10,6,theory,30
FE1BA03,Akuntansi Dasar I,AK-1B,Husnunnida Maharani,C102,Thu,8,14,14:10,19:10,6,theory,30
FE1MB03,Matematika Bisnis,AK-1B,Aditya Narendra Wardhana  S.T.  M.SM.,G3.R6,Fri,8,14,14:10,19:10,6,theory,30
FE1ST03,Statistik,AK-1B,Mia Fathia  S.Si.  M.Sc.Fin,Coal Mill 301,Thu,5,11,11:40,16:40,6,theory,30
FE1IM03,Pengantar Bisnis,AK-1B,Muhammad Akbar  S.E.  M.Acc.  Ak.,G3.R2,Wed,6,12,12:30,17:30,6,theory,30
FE1FM03,Manajemen Keuangan,ES-3A,Fitri Ramadhan,G4.R2,Mon,8,14,14:10,19:10,6,theory,30
FE1BS13,Manajemen Pemasaran,AK-3B,Alfina  S.M.  M.M.,G3.R4,Thu,0,6,07:30,12:30,6,theory,30
AC1K113,Akuntansi Keuangan Menengah I,AK-3B,Alfiana Fitri  SA.  MA,G4.R1,Tue,0,6,07:30,12:30,6,theory,30
AC1C213,Akuntansi Manajemen,AK-3B,Muhammad Akbar  S.E.  M.Acc.  Ak.,Limestone,Fri,6,12,12:30,17:30,6,theory,30
AC1E103,Aspek Hukum Dalam Bisnis,AK-3A  AK-3B,Lolita,Coal Mill 204,Mon,0,4,07:30,10:50,4,theory,30
AC1F313,Analisa Laporan Keuangan,AK-5B,Fitri Ramadhan,Coal Mill 203,Wed,8,14,14:10,19:10,6,theory,30
AC1A212,Praktik Audit,AK-5B,Kurniasari Novi Hardanti  SE.  M.CA,Coal Mill 208,Fri,4,8,10:50,14:10,4,theory,30
AC1K313,Akuntansi Keuangan Lanjutan I,AK-5B,Alfiana Fitri  SA.  MA,Coal Mill 204,Thu,8,14,14:10,19:10,6,theory,30
AC1T103,Perpajakan,AK-5B,Husnunnida Maharani,Coal Mill 206,Mon,2,8,09:10,14:10,6,theory,30
AC1B103,Perbankan Dan Lembaga Keuangan,AK-5B,Kurniasari Novi Hardanti  SE.  M.CA,G3.R3,Fri,8,14,14:10,19:10,6,theory,30
AC1K013,Teori Akuntansi,AK-5B,Fitri Ramadhan,Coal Mill 206,Tue,0,6,07:30,12:30,6,theory,30
AC1F412,Simulasi Kelayakan Bisnis,AK-7B,Muhammad Akbar  S.E.  M.Acc.  Ak.,G4.R3,Thu,8,14,14:10,19:10,6,theory,30
AC1A423,Akuntansi Forensik Dan Pemeriksaan Keuangan,AK-7A,Dr. Erlina Diamastuti  S.E.  M.Si.  Ak  CA,Coal Mill 101,Mon,3,9,10:00,15:00,6,theory,30
AC1F323,Manajemen Keuangan Stratejik,AK-7A,Sugeng Firdausi  S.E.  Ak.   M.M. MIFP.,G3.R1,Tue,0,6,07:30,12:30,6,theory,30
AC1K323,Akuntansi Keperilakuan,AK-7A,Husnunnida Maharani,Coal Mill 301,Wed,7,13,13:20,18:20,6,theory,30
GS1EP03,Kewirausahaan,DKV-5A,Rizky Noviasri  S.Sn.  M.Ds.,Coal Mill 102,Thu,10,14,15:50,19:10,4,theory,30
FE1MI03,Ekonomi Mikro,ES-1A,Elsi Mersilia Hanesti  S.EI.  M.SE,G4.R4,Wed,8,14,14:10,19:10,6,theory,30
FE1BA03,Akuntansi Dasar I,AK-1B,Husnunnida Maharani,G3.R2,Mon,8,14,14:10,19:10,6,theory,30
FE1MB03,Matematika Bisnis,AK-1B,Aditya Narendra Wardhana  S.T.  M.SM.,Coal Mill 204,Mon,2,8,09:10,14:10,6,theory,30
FE1ST03,Statistik,AK-1B,Mia Fathia  S.Si.  M.Sc.Fin,Coal Mill 204,Fri,4,10,10:50,15:50,6,theory,30
FE1IM03,Pengantar Bisnis,AK-1B,Muhammad Akbar  S.E.  M.Acc.  Ak.,C101,Fri,0,6,07:30,12:30,6,theory,30
FE1FM03,Manajemen Keuangan,ES-3A,Fitri Ramadhan,Coal Mill 203,Mon,2,8,09:10,14:10,6,theory,30
FE1BS13,Manajemen Pemasaran,AK-3B,Alfina  S.M.  M.M.,G3.R1,Mon,7,13,13:20,18:20,6,theory,30
AC1K113,Akuntansi Keuangan Menengah I,AK-3B,Alfiana Fitri  SA.  MA,Coal Mill 203,Mon,0,6,07:30,12:30,6,theory,30
AC1C213,Akuntansi Manajemen,AK-3B,Muhammad Akbar  S.E.  M.Acc.  Ak.,Coal Mill 101,Tue,8,14,14:10,19:10,6,theory,30
AC1F313,Analisa Laporan Keuangan,AK-5B,Fitri Ramadhan,G4.R4,Thu,0,6,07:30,12:30,6,theory,30
AC1A212,Praktik Audit,AK-5B,Kurniasari Novi Hardanti  SE.  M.CA,Coal Mill 302,Thu,6,10,12:30,15:50,4,theory,30
AC1K313,Akuntansi Keuangan Lanjutan I,AK-5B,Alfiana Fitri  SA.  MA,Coal Mill 101,Mon,8,14,14:10,19:10,6,theory,30
AC1T103,Perpajakan,AK-5B,Husnunnida Maharani,Coal Mill 103,Tue,8,14,14:10,19:10,6,theory,30
AC1B103,Perbankan Dan Lembaga Keuangan,AK-5B,Kurniasari Novi Hardanti  SE.  M.CA,Coal Mill 201,Wed,0,6,07:30,12:30,6,theory,30
AC1K013,Teori Akuntansi,AK-5B,Fitri Ramadhan,C101,Thu,8,14,14:10,19:10,6,theory,30
AC1F412,Simulasi Kelayakan Bisnis,AK-7B,Muhammad Akbar  S.E.  M.Acc.  Ak.,G4.R2,Mon,0,6,07:30,12:30,6,theory,30
GS1EP03,Kewirausahaan,DKV-5A,Rizky Noviasri  S.Sn.  M.Ds.,Coal Mill 202,Thu,6,10,12:30,15:50,4,theory,30
SE1TQ02,Baca Tulis Al'Quran,ES-1A,M. Fathoni,Coal Mill 301,Tue,10,14,15:50,19:10,4,theory,30
SE1EI03,Pengantar Ekonomi Islam,ES-1A,Bambang Tutuko  S.E.  M.M.  CFP,Coal Mill 208,Thu,8,14,14:10,19:10,6,theory,30
FE1MI03,Ekonomi Mikro,ES-1A,Elsi Mersilia Hanesti  S.EI.  M.SE,G3.R2,Mon,0,6,07:30,12:30,6,theory,30
FE1MA03,Ekonomi Makro,ES-1A,Ahmad Hudaifah  S.E.  M.Ec.,Coal Mill 206,Mon,8,14,14:10,19:10,6,theory,30
FE1AD03,Akuntansi Dasar (Pengantar Akuntansi),ES-1A,Ahmad Dahlan Malik  B.A.(Hons). M.Ec.,Coal Mill 203,Thu,0,6,07:30,12:30,6,theory,30
FE1SB03,Statistik Bisnis I,ES-3A,Mia Fathia  S.Si.  M.Sc.Fin,G4.R1,Tue,6,12,12:30,17:30,6,theory,30
FE1FM03,Manajemen Keuangan,ES-3A,Fitri Ramadhan,Coal Mill 301,Fri,8,14,14:10,19:10,6,theory,30
FE1MM03,Manajemen Pemasaran,ES-3A,Elsi Mersilia Hanesti  S.EI.  M.SE,C102,Thu,0,6,07:30,12:30,6,theory,30
SE1QH33,Al Qur'an & Hadist Ekonomi,ES-3A,Drs. Muhammad Asyhad  M.Pd.I.,Coal Mill 204,Wed,0,6,07:30,12:30,6,theory,30
SE1LK03,Pengantar Lembaga Keuangan & Perbankan Syariah,ES-3A,Bambang Tutuko  S.E.  M.M.  CFP,Coal Mill 205,Fri,2,8,09:10,14:10,6,theory,30
SE1AS33,Akuntansi Syariah,ES-3A,Ahmad Dahlan Malik  B.A.(Hons). M.Ec.,Coal Mill 202,Tue,0,6,07:30,12:30,6,theory,30
SE1UF03,Ushul Fiqh,ES-3A,M. Fathoni,G4.R3,Wed,7,13,13:20,18:20,6,theory,30
FE1MD03,MSDM,ES-5A  ES-5B,Drs. Muhammad Asyhad  M.Pd.I.,Coal Mill 103,Fri,6,12,12:30,17:30,6,theory,30
SE1EK03,Ekonomi Koperasi,ES-5B,Drs. Muhammad Asyhad  M.Pd.I.,Coal Mill 205,Thu,8,14,14:10,19:10,6,theory,30
SE1PB03,Proyek Penciptaan Bisnis (PPB),ES-5B,Wahyu Agung Handono  S.E.  M.M.,C101,Wed,7,13,13:20,18:20,6,theory,30
SE1BI03,Bisnis Internasional,ES-5A  ES-5B,Dr. Ir. Chabib Bahari  S.E.  M.M.,Auditorium,Wed,3,9,10:00,15:00,6,theory,30
SE1SS03,Selling and Service Skills (Keterampilan Pelayanan dan Penjualan),ES-5A  ES-5B,Bambang Tutuko  S.E.  M.M.  CFP,Coal Mill 301,Tue,6,12,12:30,17:30,6,theory,30
SE1MB03,Manajemen Bank Syariah,ES-5A  ES-5B,Johan Samudra,Limestone,Thu,0,6,07:30,12:30,6,theory,30
SE1IG03,Islamic Corporate Governance & CSR,ES-5B,Ahmad Dahlan Malik  B.A.(Hons). M.Ec.,Coal Mill 207,Wed,1,7,08:20,13:20,6,theory,30
SE1EK03,Ekonomi Koperasi,ES-5B,Drs. Muhammad Asyhad  M.Pd.I.,C102,Tue,4,10,10:50,15:50,6,theory,30
SE1PB03,Proyek Penciptaan Bisnis (PPB),ES-5B,Wahyu Agung Handono  S.E.  M.M.,G4.R3,Fri,0,6,07:30,12:30,6,theory,30
SE1IG03,Islamic Corporate Governance & CSR,ES-5B,Ahmad Dahlan Malik  B.A.(Hons). M.Ec.,G3.R5,Mon,0,6,07:30,12:30,6,theory,30
FA1A503,Kalkulus I,TIP-1A,Sekarsari Utami Wijaya  S.Stat,Coal Mill 207,Fri,2,8,09:10,14:10,6,theory,30
FA1A303,Fisika Dasar+1,TIP-1A,Elita Fidiya Nugrahani  S.T.  M.Eng.  M.T.,Coal Mill 201,Thu,10,14,15:50,19:10,4,theory,30
FA1A303*,Praktikum Fisika Dasar,TIP-1A,Asisten FD TIP,Coal Mill 205,Fri,0,6,07:30,12:30,6,theory,30
FA1A403,Kimia Dasar *,TK-1A,Yuni Kurniati  S.T.  M.T.,Coal Mill 101,Tue,4,8,10:50,14:10,4,theory,30
FA1A403*,Praktikum Kimia Dasar,TK-1A,Asisten KD TK,Coal Mill 101,Wed,0,8,07:30,14:10,8,theory,30
EM10103,MENGGAMBAR TEKNIK,MR-1A,Niswatun Faria  S.T.  M.Sc,Coal Mill 206,Thu,8,14,14:10,19:10,6,theory,30
EM10102,PEMROGRAMAN KOMPUTER,MR-1A,Elita Fidiya Nugrahani  S.T.  M.Eng.  M.T.,Coal Mill 206,Fri,0,4,07:30,10:50,4,theory,30
EM10302,PENGANTAR REKAYASA,MR-1A,Elita Fidiya Nugrahani  S.T.  M.Eng.  M.T.,Coal Mill 202,Wed,6,10,12:30,15:50,4,theory,30
EM10923,MATEMATIKA TEKNIK,MR-3A,Qurrotin A'yunina Maulida Okta Arifianti  S.T.  M.S.,G3.R4,Mon,4,10,10:50,15:50,6,theory,30
EM11013,STATISTIKA,MR-3A,Andhika Eko Prasetyo  S.T.  M.T.,Coal Mill 202,Wed,0,6,07:30,12:30,6,theory,30
EM11123,TERMODINAMIKA,MR-3A,Qurrotin A'yunina Maulida Okta Arifianti  S.T.  M.S.,G4.R4,Fri,1,7,08:20,13:20,6,theory,30
EM11313,PROSES MANUFAKTUR,MR-3A,Niswatun Faria  S.T.  M.Sc,G3.R6,Wed,8,14,14:10,19:10,6,theory,30
EM11413,ELEMEN MESIN,MR-3A,Niswatun Faria  S.T.  M.Sc,Coal Mill 205,Thu,2,8,09:10,14:10,6,theory,30
EM10802,PENGANTAR EKONOMI,MR-3A,Ahmad Dahlan Malik  B.A.(Hons). M.Ec.,Coal Mill 205,Fri,7,11,13:20,16:40,4,theory,30
EM12013,PERPINDAHAN PANAS,MR-5B,Qurrotin A'yunina Maulida Okta Arifianti  S.T.  M.S.,G4.R4,Tue,5,11,11:40,16:40,6,theory,30
EM12113,SISTEM INSTRUMENTASI INDUSTRI,MR-5A,Elita Fidiya Nugrahani  S.T.  M.Eng.  M.T.,G3.R5,Mon,8,14,14:10,19:10,6,theory,30
FA1A803,Ekonomi Teknik,TK-5B,Mala Hayati Nasution  S.T.  M.T,Coal Mill 208,Tue,8,14,14:10,19:10,6,theory,30
EM12123,MANAJEMEN TEKNOLOGI,MR-5A,Kuntum Khoiro Ummatin  S.T.  M.T.,G3.R4,Wed,8,14,14:10,19:10,6,theory,30
EM12322,MANAJEMEN PROYEK,MR-5A,Izzati Winda Murti  S.T.  M.T.,C102,Fri,10,14,15:50,19:10,4,theory,30
EM12523,RISET PEMASARAN,MR-5A,Andhika Eko Prasetyo  S.T.  M.T.,G4.R2,Thu,0,6,07:30,12:30,6,theory,30
EM12913,PEMBIAYAAN PROYEK,MR-7A,Andhika Eko Prasetyo  S.T.  M.T.,Coal Mill 203,Thu,8,14,14:10,19:10,6,theory,30
EM13013,ANALISA KELAYAKAN,MR-7A,Kuntum Khoiro Ummatin  S.T.  M.T.,Aula A,Thu,0,6,07:30,12:30,6,theory,30
EM12823,KEANDALAN &KUALITAS,MR-7A,Elita Fidiya Nugrahani  S.T.  M.Eng.  M.T.,C101,Tue,8,14,14:10,19:10,6,theory,30
EM12153,K3,MR-7A,Izzati Winda Murti  S.T.  M.T.,G4.R1,Fri,4,10,10:50,15:50,6,theory,30
1,TRIZ,MR-7A,Niswatun Faria  S.T.  M.Sc,Coal Mill 203,Tue,0,6,07:30,12:30,6,theory,30
2,Sistem Pendingin,MR-7A,Qurrotin A'yunina Maulida Okta Arifianti  S.T.  M.S.,Coal Mill 205,Wed,0,6,07:30,12:30,6,theory,30
EM12013,PERPINDAHAN PANAS,MR-5B,Qurrotin A'yunina Maulida Okta Arifianti  S.T.  M.S.,Coal Mill 207,Wed,7,13,13:20,18:20,6,theory,30
LE1BA03,Pengantar Teknik Logistik,TL-1A,Oki Anita Candra Dewi  S.T.  M.T.,Coal Mill 208,Thu,6,12,12:30,17:30,6,theory,30
LE1MA02,Logika Pemograman,TL-1A,Oki Anita Candra Dewi  S.T.  M.T.,C102,Wed,8,10,14:10,15:50,2,theory,30
LE1MA02,Logika Pemograman,TL-1A,Oki Anita Candra Dewi  S.T.  M.T.,Coal Mill 302,Fri,6,8,12:30,14:10,2,theory,30
LE1MB02,Gambar Teknik,TL-1A,Niswatun Faria  S.T.  M.Sc,G3.R6,Mon,0,4,07:30,10:50,4,theory,30
LE1MC03,Kalkulus 1,TL-1A,Ngatini,Auditorium,Fri,8,14,14:10,19:10,6,theory,30
LE1MD03,Fisika Dasar,TL-1A,Fandi Angga Prasetya  S.Si.  M.Si,Coal Mill 203,Fri,0,4,07:30,10:50,4,theory,30
LE1MD03*,Praktikum Fisika Dasar,TL-1A,Asisten FD TL,Coal Mill 103,Mon,8,14,14:10,19:10,6,theory,30
LE1ME03,Kimia Dasar,TL-1A,Yuni Kurniati  S.T.  M.T.,G4.R4,Tue,10,14,15:50,19:10,4,theory,30
LE1MK12,Konsep Pemodelan Sistem,TL-3A,Muhammad Faisal Ibrahim  S.T.  M.T.,Limestone,Tue,0,4,07:30,10:50,4,theory,30
LE1ML13,Statistik Industri II,TL-3A,Sekarsari Utami Wijaya  S.Stat,Coal Mill 201,Mon,8,14,14:10,19:10,6,theory,30
LE1MM13,Riset Operasi II,TL-3B,Siti Nurminarsih  S.T.  M.T.,Coal Mill 207,Mon,2,8,09:10,14:10,6,theory,30
LE1MN13,Matematika Optimasi,TL-3A,Sekarsari Utami Wijaya  S.Stat,Coal Mill 103,Thu,8,14,14:10,19:10,6,theory,30
LE1BB13,Riset Pasar,TL-3B,Winda Narulidea  S.T.  M.T.,G4.R3,Tue,0,3,07:30,10:00,3,theory,30
LE1BC13,Sistem Produksi,TL-3B,Muhammad Faisal Ibrahim  S.T.  M.T.,G3.R5,Fri,6,9,12:30,15:00,3,theory,30
LE1AA24,Perancangan Sistem Transportasi Darat,TL-5B,Siti Nurminarsih  S.T.  M.T.,G4.R3,Thu,0,8,07:30,14:10,8,theory,30
LE1BI02,Manajemen Organisasi dan Sumber Daya Manusia,TL-5B,Mirza Dwinanda Ilmawan  S.E.  M.M.,G3.R6,Wed,0,4,07:30,10:50,4,theory,30
LE1BJ23,Sistem Pengadaan,TL-5B,Muhammad Faisal Ibrahim  S.T.  M.T.,G4.R2,Fri,0,6,07:30,12:30,6,theory,30
LE1BK13,Penanganan Material dan Pengemasan,TL-5B,Winda Narulidea  S.T.  M.T.,G3.R5,Wed,8,14,14:10,19:10,6,theory,30
LE1BL23,Perancangan Sistem Informasi Logistik,TL-5B,Muhammad Faisal Ibrahim  S.T.  M.T.,G3.R2,Thu,8,14,14:10,19:10,6,theory,30
LE1MP12,Metodologi Penelitian,TL-7B,Oki Anita Candra Dewi  S.T.  M.T.,Coal Mill 102,Mon,6,10,12:30,15:50,4,theory,30
LE1AH03,Manajemen Risiko dan Kinerja,TL-7A,Siti Nurminarsih  S.T.  M.T.,Coal Mill 301,Wed,0,6,07:30,12:30,6,theory,30
LE1AE24,Perancangan Sistem Transportasi Udara,TL-7A,Oki Anita Candra Dewi  S.T.  M.T.,Coal Mill 202,Mon,10,14,15:50,19:10,4,theory,30
LE1AF25,Analisis Perancangan Sistem Logistik Terintegrasi,TL-7A,Oki Anita Candra Dewi  S.T.  M.T.,Auditorium,Tue,0,10,07:30,15:50,10,theory,30
LE1BO22,Manajemen Proyek,TL-7A,Siti Nurminarsih  S.T.  M.T.,Limestone,Wed,6,10,12:30,15:50,4,theory,30
LE1AI13,Kesehatan dan Keselamatan Kerja,TL-A,Putri AKSI,Coal Mill 207,Tue,0,6,07:30,12:30,6,theory,30
LE1AM23,Metode Metaheuristik,TL-A,TBA,Coal Mill 102,Thu,0,6,07:30,12:30,6,theory,30
3,Entreprise Resource Planning,TL-A,Muhammad Faisal Ibrahim  S.T.  M.T.,Coal Mill 204,Tue,6,12,12:30,17:30,6,theory,30
LE1MM13,Riset Operasi II,TL-3B,Siti Nurminarsih  S.T.  M.T.,G3.R6,Mon,8,14,14:10,19:10,6,theory,30
LE1BB13,Riset Pasar,TL-3B,Winda Narulidea  S.T.  M.T.,Auditorium,Thu,0,3,07:30,10:00,3,theory,30
LE1BC13,Sistem Produksi,TL-3B,Muhammad Faisal Ibrahim  S.T.  M.T.,Auditorium,Wed,0,3,07:30,10:00,3,theory,30
LE1AA24,Perancangan Sistem Transportasi Darat,TL-5B,Siti Nurminarsih  S.T.  M.T.,Coal Mill 102,Fri,6,14,12:30,19:10,8,theory,30
LE1BI02,Manajemen Organisasi dan Sumber Daya Manusia,TL-5B,Mirza Dwinanda Ilmawan  S.E.  M.M.,G3.R4,Tue,0,4,07:30,10:50,4,theory,30
LE1BJ23,Sistem Pengadaan,TL-5B,Muhammad Faisal Ibrahim  S.T.  M.T.,G4.R3,Mon,6,12,12:30,17:30,6,theory,30
LE1BK13,Penanganan Material dan Pengemasan,TL-5B,Winda Narulidea  S.T.  M.T.,Coal Mill 201,Tue,4,10,10:50,15:50,6,theory,30
LE1BL23,Perancangan Sistem Informasi Logistik,TL-5B,Muhammad Faisal Ibrahim  S.T.  M.T.,Coal Mill 201,Wed,3,9,10:00,15:00,6,theory,30
LE1MP12,Metodologi Penelitian,TL-7B,Oki Anita Candra Dewi  S.T.  M.T.,G3.R4,Fri,0,4,07:30,10:50,4,theory,30
LE1AE24,Perancangan Sistem Transportasi Udara,TL-7A,Oki Anita Candra Dewi  S.T.  M.T.,Aula A,Wed,10,14,15:50,19:10,4,theory,30
FA1A503,Kalkulus I,TIP-1A,Sekarsari Utami Wijaya  S.Stat,G3.R1,Thu,0,6,07:30,12:30,6,theory,30
FA1A303,Fisika Dasar+1,TIP-1A,Elita Fidiya Nugrahani  S.T.  M.Eng.  M.T.,G4.R3,Fri,10,14,15:50,19:10,4,theory,30
FA1A303*,Praktikum Fisika Dasar,TIP-1A,Asisten FD TIP,Coal Mill 203,Mon,8,14,14:10,19:10,6,theory,30
CE1B112,Gambar Teknik,TK-1A,Ani Rahmat,G3.R1,Fri,10,14,15:50,19:10,4,theory,30
CE1I103,Pengantar Teknologi,TK-1A,Okky Putri Prastuti  S.T.  M.T.,G3.R1,Tue,8,14,14:10,19:10,6,theory,30
FA1A403,Kimia Dasar *,TK-1A,Yuni Kurniati  S.T.  M.T.,G3.R2,Wed,10,14,15:50,19:10,4,theory,30
FA1A403*,Praktikum Kimia Dasar,TK-1A,Asisten KD TK,Coal Mill 208,Mon,0,8,07:30,14:10,8,theory,30
CE1D123,Matematika Teknik Kimia 1,TK-3A,Yuni Kurniati  S.T.  M.T.,G4.R2,Fri,8,14,14:10,19:10,6,theory,30
CE1C123,Kimia Fisika*,TK-3A,Fandi Angga Prasetya  S.Si.  M.Si,Coal Mill 205,Mon,10,14,15:50,19:10,4,theory,30
CE1C123*,Praktikum Kimia Fisika (2),TK-3A,Asisten KF 2,Limestone,Thu,7,14,13:20,19:10,7,theory,30
CE1C123*,Praktikum Kimia Fisika (2),TK-3A,Asisten KF 2,G3.R1,Mon,0,7,07:30,13:20,7,theory,30
CE1E103,Proses Perpindahan,TK-3A,Eka Lutfi Septiani  S.T.  M.T.,Coal Mill 204,Wed,4,10,10:50,15:50,6,theory,30
CE1C213,Thermodinamika 1,TK-3A,Mala Hayati Nasution  S.T.  M.T,Coal Mill 204,Tue,0,6,07:30,12:30,6,theory,30
CE1G213,Azas Teknik Kimia 2,TK-3A,Yuni Kurniati  S.T.  M.T.,G3.R3,Thu,1,7,08:20,13:20,6,theory,30
CE1F113,Kimia Organik 1*,TK-3A,Tontowi Ismail,Coal Mill 201,Mon,6,10,12:30,15:50,4,theory,30
CE1F113*,Praktikum Kimia Organik 1 (2),TK-3A,Asisten KO 2,Auditorium,Fri,0,8,07:30,14:10,8,theory,30
CE1F113*,Praktikum Kimia Organik 1 (2),TK-3A,Asisten KO 2,G3.R6,Tue,6,14,12:30,19:10,8,theory,30
GS1EP02,Kewirausahaan,TK-5B,Ruktin Handayani  S.Kom.  M.Kom.,Coal Mill 202,Thu,0,6,07:30,12:30,6,theory,30
CE1D333,Komputasi Numerik Terapan*,TK-5B,Ani Rahmat,G3.R5,Wed,6,10,12:30,15:50,4,theory,30
CE1D333*,Praktikum KNT,TK-5B,Asisten KNT B,G4.R1,Mon,0,7,07:30,13:20,7,theory,30
CE1E334,Operasi Teknik Kimia 2,TK-5A  TK-5B,Okky Putri Prastuti  S.T.  M.T.,G3.R3,Mon,8,14,14:10,19:10,6,theory,30
FA1A803,Ekonomi Teknik,TK-5B,Mala Hayati Nasution  S.T.  M.T,Aula A,Fri,1,7,08:20,13:20,6,theory,30
CE1F402,Teknik Biokimia,TK-5A  TK-5B,Tontowi Ismail,Coal Mill 302,Thu,10,14,15:50,19:10,4,theory,30
CE1H103,Teknik Reaksi Kimia 1,TK-5A  TK-5B,Mala Hayati Nasution  S.T.  M.T,Coal Mill 302,Wed,8,14,14:10,19:10,6,theory,30
CE1E202,Lab Teknik Kimia 1,TK-5B,Eka Lutfi Septiani  S.T.  M.T.,Coal Mill 202,Thu,10,14,15:50,19:10,4,theory,30
CE1E202*,Praktikum Lab Teknik Kimia 1,TK-5B,Asisten Lab TK 1 B,G3.R3,Tue,0,10,07:30,15:50,10,theory,30
GS1EP02,Kewirausahaan,TK-5B,Ruktin Handayani  S.Kom.  M.Kom.,Coal Mill 302,Wed,0,6,07:30,12:30,6,theory,30
CE1D333,Komputasi Numerik Terapan*,TK-5B,Ani Rahmat,G3.R3,Fri,0,4,07:30,10:50,4,theory,30
CE1D333*,Praktikum KNT,TK-5B,Asisten KNT B,G3.R5,Fri,7,14,13:20,19:10,7,theory,30
FA1A803,Ekonomi Teknik,TK-5B,Mala Hayati Nasution  S.T.  M.T,G3.R2,Thu,4,10,10:50,15:50,6,theory,30
CE1E202,Lab Teknik Kimia 1,TK-5B,Eka Lutfi Septiani  S.T.  M.T.,G3.R3,Mon,4,8,10:50,14:10,4,theory,30
CE1E202*,Praktikum Lab Teknik Kimia 1,TK-5B,Asisten Lab TK 1 B,Coal Mill 302,Mon,4,14,10:50,19:10,10,theory,30
CE1K103,Dinamika & Pengendalian Proses,TK-7A,Eka Lutfi Septiani  S.T.  M.T.,Coal Mill 204,Mon,8,14,14:10,19:10,6,theory,30
CE1L253,Pilihan Keahlian 2 : Nanoteknologi,TK-7A,Fandi Angga Prasetya  S.Si.  M.Si,Coal Mill 206,Thu,2,8,09:10,14:10,6,theory,30
CE1L353,Pilihan Keahlian 3 : Manajemen Proyek,TK-7A,Izzati Winda Murti  S.T.  M.T.,G3.R1,Thu,8,14,14:10,19:10,6,theory,30
CE1K152,Bahan Konstruksi & Korosi,TK-7A,Fandi Angga Prasetya  S.Si.  M.Si,Coal Mill 206,Tue,6,10,12:30,15:50,4,theory,30
CE1J402,Sistem Utilitas Pabrik,TK-7A,Ani Rahmat,Coal Mill 202,Fri,6,10,12:30,15:50,4,theory,30
FA1A303,Fisika Dasar+1,TIP-1A,Elita Fidiya Nugrahani  S.T.  M.Eng.  M.T.,C102,Wed,10,14,15:50,19:10,4,theory,30
FA1A303*,Praktikum Fisika Dasar,TIP-1A,Asisten FD TIP,Limestone,Mon,2,8,09:10,14:10,6,theory,30
FA1A503,Kalkulus I,TIP-1A,Sekarsari Utami Wijaya  S.Stat,C101,Fri,8,14,14:10,19:10,6,theory,30
AE1M102,Pengantar Ilmu Ekonomi,TIP-1A,Elsi Mersilia Hanesti  S.EI.  M.SE,G4.R1,Tue,10,14,15:50,19:10,4,theory,30
AE1S103,Kimia Dasar,TIP-1A,Yunita Siti Mardhiyyah,Coal Mill 207,Thu,6,10,12:30,15:50,4,theory,30
AE1S103*,Praktikum Kimia Dasar,TIP-1A,Asisten KD TIP,Coal Mill 208,Tue,0,8,07:30,14:10,8,theory,30
AE1M103,Pengantar Agroindustri,TIP-1A,Azmi Alvian Gabriel  S.TP.  M.P.,Coal Mill 102,Wed,0,6,07:30,12:30,6,theory,30
AE1O102,Logika Pemrograman,TIP-1A,Yohanes Indra Riskajaya  S.Kom.  M.Kom,Coal Mill 302,Wed,6,10,12:30,15:50,4,theory,30
AE1G223,Riset Operasional,TIP-3A,Paramita Setyaningrum  S.T.  M.T.,G4.R4,Thu,8,14,14:10,19:10,6,theory,30
AE1G113,Statistika Industri II,TIP-3A,Paramita Setyaningrum  S.T.  M.T.,Aula A,Wed,6,12,12:30,17:30,6,theory,30
AE1T113,Mesin dan Peralatan Industri,TIP-3A,Azmi Alvian Gabriel  S.TP.  M.P.,Coal Mill 102,Mon,8,14,14:10,19:10,6,theory,30
AE1T124,Pengetahuan Bahan Agroindustri+1,TIP-3A,Azmi Alvian Gabriel  S.TP.  M.P.,G3.R6,Fri,0,6,07:30,12:30,6,theory,30
AE1T124*,Praktikum PBAI,TIP-3A,Asisten PBAI,Aula A,Mon,0,6,07:30,12:30,6,theory,30
AE1G213,Satuan Operasi,TIP-3A,Yunita Siti Mardhiyyah,Aula A,Tue,8,14,14:10,19:10,6,theory,30
GS1EP03,Kewirausahaan,DKV-5A,Rizky Noviasri  S.Sn.  M.Ds.,G3.R6,Wed,4,8,10:50,14:10,4,theory,30
AE1G103,Tata Cara Kerja dan Ergonomi,TIP-5A,Irvan Adhin Cholilie  S.TP.  M.P,Coal Mill 301,Tue,0,6,07:30,12:30,6,theory,30
AE1T323,Perencanaan dan Pengendalian Produksi,TIP-5A,Paramita Setyaningrum  S.T.  M.T.,G3.R2,Wed,0,6,07:30,12:30,6,theory,30
AE1T423,Teknologi Pengemasan dan Pengawetan+1,TIP-5A,Irvan Adhin Cholilie  S.TP.  M.P,Limestone,Tue,10,14,15:50,19:10,4,theory,30
AE1T423*,Praktikum TPP,TIP-5A,Asisten TPP,Auditorium,Wed,8,14,14:10,19:10,6,theory,30
AE1T523,Manajemen Mutu+1,TIP-5A,Yunita Siti Mardhiyyah,Coal Mill 206,Mon,0,4,07:30,10:50,4,theory,30
AE1M123,Ekonomi Teknik,TIP-5A,Paramita Setyaningrum  S.T.  M.T.,Coal Mill 202,Fri,8,14,14:10,19:10,6,theory,30
AE1G723,Analisis Kelayakan Proyek,TIP-7A,Paramita Setyaningrum  S.T.  M.T.,G3.R1,Thu,2,8,09:10,14:10,6,theory,30
AE1M323,Perancangan Pabrik,TIP-7A,Azmi Alvian Gabriel  S.TP.  M.P.,G3.R2,Tue,3,9,10:00,15:00,6,theory,30
AE1M112,Manajemen Sumber Daya Manusia,TIP-7A,Azmi Alvian Gabriel  S.TP.  M.P.,G4.R2,Mon,4,8,10:50,14:10,4,theory,30
AE7M253,Analisa Produktivitas (pilihan),TIP-A,Dyah Satiti,Coal Mill 101,Mon,0,6,07:30,12:30,6,theory,30
AE7T253,Manajemen Pemasaran (pilihan),TIP-A,Dyah Satiti,C102,Tue,8,14,14:10,19:10,6,theory,30
AE7T253,Manajemen Pemasaran (pilihan),TIP-A,Dyah Satiti,Aula A,Wed,0,6,07:30,12:30,6,theory,30
IF12103,Logika Pemrograman,IF-1B,Mohammad Arif Rasyidi  S.Kom.  M.Sc.,Coal Mill 206,Tue,8,14,14:10,19:10,6,theory,30
IF11103,Matematika Diskrit,IF-1B,Ngatini,G4.R4,Mon,0,6,07:30,12:30,6,theory,30
IF11203,Kalkulus I,IF-1B,Puji Andayani  S.Si.  M.Si.  M.Sc.,G4.R1,Thu,8,14,14:10,19:10,6,theory,30
IF15103,Sistem Digital,IF-1B,Doni Setio Pambudi  S.Kom. M.Kom,Auditorium,Thu,2,8,09:10,14:10,6,theory,30
FT1TI02,Pengantar Teknologi Informasi,DKV-1A,Brina Miftahurrohmah  S.Si.  M.Si,G3.R6,Fri,6,10,12:30,15:50,4,theory,30
IF14134,Sistem Basis Data,IF-3B,Lailatul Hidayah  S.Kom.  MS.,Auditorium,Mon,0,8,07:30,14:10,8,theory,30
IF12333,Pemrograman II,IF-3B,Mohammad Arif Rasyidi  S.Kom.  M.Sc.,C101,Mon,0,6,07:30,12:30,6,theory,30
IF11613,Statistika Komputasi,IF-3B,Ngatini,G3.R1,Wed,0,6,07:30,12:30,6,theory,30
IF15203,Sistem Operasi,IF-3B,Taufiqotul Bariyah S.Kom.  M.IM,G3.R4,Fri,8,14,14:10,19:10,6,theory,30
IF12444,Algoritma dan Struktur Data,IF-3B,Yohanes Indra Riskajaya  S.Kom.  M.Kom,G3.R6,Thu,6,14,12:30,19:10,8,theory,30
IF14333,Desain Perangkat Lunak,IF-5B,Taufiqotul Bariyah S.Kom.  M.IM,G3.R2,Tue,0,6,07:30,12:30,6,theory,30
IF14433,Manajemen Basis Data,IF-5B,Lailatul Hidayah  S.Kom.  MS.,Coal Mill 204,Thu,2,8,09:10,14:10,6,theory,30
IF17143,Grafika Komputer dan Pengolahan Citra,IF-5B,Doni Setio Pambudi  S.Kom. M.Kom,G3.R4,Tue,2,8,09:10,14:10,6,theory,30
IF15323,Keamanan Informasi dan Jaringan,IF-5B,Yohanes Indra Riskajaya  S.Kom.  M.Kom,Coal Mill 202,Fri,0,6,07:30,12:30,6,theory,30
IF14513,Manajemen Proyek Perangkat Lunak,IF-5B,Ruktin Handayani  S.Kom.  M.Kom.,Auditorium,Mon,8,14,14:10,19:10,6,theory,30
IF13243,Machine Learning,IF-5B,Mohammad Arif Rasyidi  S.Kom.  M.Sc.,Coal Mill 207,Thu,8,14,14:10,19:10,6,theory,30
IF16243,Sistem Terdistribusi,IF-7A,Taufiqotul Bariyah S.Kom.  M.IM,Auditorium,Tue,8,14,14:10,19:10,6,theory,30
IF18103,Sistem Enterprise,IF-7A,Yogantara Setya Dharmawan  S.Kom.  M.Sc,Coal Mill 206,Fri,8,14,14:10,19:10,6,theory,30
IF16553,Desain dan Manajemen Jaringan,IF-6A,Taufiqotul Bariyah S.Kom.  M.IM,G4.R4,Wed,2,8,09:10,14:10,6,theory,30
IF13653,Komputasi Biomedik,IF-7A,Lailatul Hidayah  S.Kom.  MS.,Auditorium,Thu,8,14,14:10,19:10,6,theory,30
IF17453,Visi Komputer,IF-7A,Doni Setio Pambudi  S.Kom. M.Kom,Coal Mill 202,Mon,0,6,07:30,12:30,6,theory,30
IF12753,Pemrograman Mobile,IF-7A,Doni Setio Pambudi  S.Kom. M.Kom,Coal Mill 301,Mon,7,13,13:20,18:20,6,theory,30
IF12103,Logika Pemrograman,IF-1B,Mohammad Arif Rasyidi  S.Kom.  M.Sc.,Coal Mill 201,Tue,0,6,07:30,12:30,6,theory,30
IF11103,Matematika Diskrit,IF-1B,Ngatini,G3.R3,Fri,2,8,09:10,14:10,6,theory,30
IF11203,Kalkulus I,IF-1B,Puji Andayani  S.Si.  M.Si.  M.Sc.,Coal Mill 205,Mon,6,12,12:30,17:30,6,theory,30
IF15103,Sistem Digital,IF-1B,Doni Setio Pambudi  S.Kom. M.Kom,Limestone,Wed,0,6,07:30,12:30,6,theory,30
FT1TI02,Pengantar Teknologi Informasi,DKV-1A,Brina Miftahurrohmah  S.Si.  M.Si,C102,Thu,4,8,10:50,14:10,4,theory,30
IF14134,Sistem Basis Data,IF-3B,Lailatul Hidayah  S.Kom.  MS.,Coal Mill 203,Tue,6,14,12:30,19:10,8,theory,30
IF12333,Pemrograman II,IF-3B,Mohammad Arif Rasyidi  S.Kom.  M.Sc.,Coal Mill 302,Fri,0,6,07:30,12:30,6,theory,30
IF11613,Statistika Komputasi,IF-3B,Ngatini,G4.R4,Mon,8,14,14:10,19:10,6,theory,30
IF15203,Sistem Operasi,IF-3B,Taufiqotul Bariyah S.Kom.  M.IM,Coal Mill 301,Thu,0,6,07:30,12:30,6,theory,30
IF12444,Algoritma dan Struktur Data,IF-3B,Yohanes Indra Riskajaya  S.Kom.  M.Kom,Coal Mill 103,Tue,0,8,07:30,14:10,8,theory,30
IF14333,Desain Perangkat Lunak,IF-5B,Taufiqotul Bariyah S.Kom.  M.IM,Coal Mill 101,Wed,8,14,14:10,19:10,6,theory,30
IF14433,Manajemen Basis Data,IF-5B,Lailatul Hidayah  S.Kom.  MS.,Coal Mill 101,Fri,4,10,10:50,15:50,6,theory,30
IF17143,Grafika Komputer dan Pengolahan Citra,IF-5B,Doni Setio Pambudi  S.Kom. M.Kom,G3.R2,Tue,8,14,14:10,19:10,6,theory,30
IF15323,Keamanan Informasi dan Jaringan,IF-5B,Yohanes Indra Riskajaya  S.Kom.  M.Kom,Coal Mill 201,Mon,0,6,07:30,12:30,6,theory,30
IF14513,Manajemen Proyek Perangkat Lunak,IF-5B,Ruktin Handayani  S.Kom.  M.Kom.,G4.R1,Fri,8,14,14:10,19:10,6,theory,30
IF13243,Machine Learning,IF-5B,Mohammad Arif Rasyidi  S.Kom.  M.Sc.,C102,Wed,2,8,09:10,14:10,6,theory,30
FT1TI02,Pengantar Teknologi Informasi,DKV-1A,Brina Miftahurrohmah  S.Si.  M.Si,G3.R3,Wed,4,8,10:50,14:10,4,theory,30
IS1B102,ALJABAR LINIER,SI-1A,Puji Andayani  S.Si.  M.Si.  M.Sc.,Limestone,Wed,10,14,15:50,19:10,4,theory,30
IS1B203,KALKULUS,SI-1A,Ngatini,Aula A,Thu,4,10,10:50,15:50,6,theory,30
IS1B303,PENGANTAR SISTEM INFORMASI,SI-1A,Renny Sari Dewi  S.Kom.  M.Kom.,G3.R4,Wed,6,10,12:30,15:50,4,theory,30
IS1B403,MATEMATIKA DISKRIT,SI-1A,Puji Andayani  S.Si.  M.Si.  M.Sc.,C102,Fri,5,11,11:40,16:40,6,theory,30
IS1B503,PEMROGRAMAN TERSTRUKTUR,SI-1A,Catur Wulandari  S.Kom.  M.Sc,C101,Tue,3,9,10:00,15:00,6,theory,30
FT1IM03,Interaksi Manusia dan Komputer,DKV-3A,Trias Widha Andari  S.Sn.  M.Ds.,G4.R3,Wed,4,7,10:50,13:20,3,theory,30
IS1D113,BASIS DATA,SI-3A,Brina Miftahurrohmah  S.Si.  M.Si,Coal Mill 202,Mon,4,10,10:50,15:50,6,theory,30
IS1SE12,REKAYASA KEBUTUHAN PERANGKAT LUNAK,SI-3A  SI-3B,Catur Wulandari  S.Kom.  M.Sc,G3.R4,Thu,6,10,12:30,15:50,4,theory,30
IS1C103,ANALISIS DAN DESAIN PROSES BISNIS,SI-3A  SI-3B,Catur Wulandari  S.Kom.  M.Sc,Coal Mill 208,Fri,8,14,14:10,19:10,6,theory,30
IS1N212,KEAMANAN ASET INFORMASI,SI-3A  SI-3B,Renny Sari Dewi  S.Kom.  M.Kom.,G4.R3,Wed,0,4,07:30,10:50,4,theory,30
IS1P333,PEMROGRAMAN WEB,SI-3A  SI-3B,Catur Wulandari  S.Kom.  M.Sc,Coal Mill 207,Mon,8,14,14:10,19:10,6,theory,30
IS1C703,MANAJEMEN HUBUNGAN PELANGGAN,SI-5A  SI-5B,Putri Amelia  S.T.  M.T.  M.Eng.,G3.R6,Tue,0,6,07:30,12:30,6,theory,30
IS1P533,SISTEM PENDUKUNG KEPUTUSAN,SI-5B,Brina Miftahurrohmah  S.Si.  M.Si,Coal Mill 302,Tue,0,6,07:30,12:30,6,theory,30
IS1EB22,PERANCANGAN E-BUSINESS,SI-5A  SI-5B,Yogantara Setya Dharmawan  S.Kom.  M.Sc,Coal Mill 204,Thu,0,4,07:30,10:50,4,theory,30
IS1C633,MANAJEMEN RANTAI PASOK,SI-5A  SI-5B,Putri Amelia  S.T.  M.T.  M.Eng.,G3.R6,Mon,3,9,10:00,15:00,6,theory,30
IS1G103,TATA KELOLA TI,SI-5A  SI-5B,Renny Sari Dewi  S.Kom.  M.Kom.,Coal Mill 207,Fri,8,14,14:10,19:10,6,theory,30
IS1M123,MANAJEMEN PROYEK TI,SI-5A  SI-5B,Catur Wulandari  S.Kom.  M.Sc,Coal Mill 102,Fri,0,6,07:30,12:30,6,theory,30
IS1BP23,PERENCANAAN KEBERLANJUTAN BISNIS,SI-7B,Yogantara Setya Dharmawan  S.Kom.  M.Sc,G3.R5,Mon,6,12,12:30,17:30,6,theory,30
IS1SP23,PERENCANAAN STRATEGIS SISTEM INFORMASI,SI-7B,Yogantara Setya Dharmawan  S.Kom.  M.Sc,C102,Mon,0,6,07:30,12:30,6,theory,30
IS1VM22,PENGUKURAN KINERJA TI,SI-7A  SI-7B,Renny Sari Dewi  S.Kom.  M.Kom.,Coal Mill 201,Thu,3,7,10:00,13:20,4,theory,30
IS1G333,SIMULASI TATA KELOLA DAN AUDIT TI,SI-7B,Lukman,Coal Mill 103,Wed,1,7,08:20,13:20,6,theory,30
IS1M233,SIMULASI PROYEK TI,SI-7A  SI-7B,Lukman,Coal Mill 201,Fri,0,6,07:30,12:30,6,theory,30
IS1A253,MANAJEMEN PROSES BISNIS,SI-A,Yogantara Setya Dharmawan  S.Kom.  M.Sc,G3.R4,Tue,8,14,14:10,19:10,6,theory,30
IS1A353,PENGUJIAN PERANGKAT LUNAK,SI-A,Catur Wulandari  S.Kom.  M.Sc,G3.R5,Wed,0,6,07:30,12:30,6,theory,30
IS1P533,SISTEM PENDUKUNG KEPUTUSAN,SI-5B,Brina Miftahurrohmah  S.Si.  M.Si,G3.R3,Thu,8,14,14:10,19:10,6,theory,30
IS1BP23,PERENCANAAN KEBERLANJUTAN BISNIS,SI-7B,Yogantara Setya Dharmawan  S.Kom.  M.Sc,Coal Mill 102,Wed,7,13,13:20,18:20,6,theory,30
IS1SP23,PERENCANAAN STRATEGIS SISTEM INFORMASI,SI-7B,Yogantara Setya Dharmawan  S.Kom.  M.Sc,Aula A,Thu,8,14,14:10,19:10,6,theory,30
IS1G333,SIMULASI TATA KELOLA DAN AUDIT TI,SI-7B,Lukman,Coal Mill 103,Thu,2,8,09:10,14:10,6,theory,30
FT1TI02,Pengantar Teknologi Informasi,DKV-1A,Brina Miftahurrohmah  S.Si.  M.Si,G4.R4,Wed,0,4,07:30,10:50,4,theory,30
VD1NB03,Nirmana Dwimatra-Black & White,DKV-1A,Irni Resmi Apriyanti  S.Ds.  M.Ds.,Limestone,Fri,0,6,07:30,12:30,6,theory,30
VD1NT03,Nirmana Trimatra,DKV-1A,Trias Widha Andari  S.Sn.  M.Ds.,Coal Mill 201,Wed,8,14,14:10,19:10,6,theory,30
VD1GS03,Gambar Bentuk - Still Life,DKV-1A,Rizky Noviasri  S.Sn.  M.Ds.,G4.R4,Mon,4,10,10:50,15:50,6,theory,30
VD1BK02,Berpikir Kreatif dan Sistemik,DKV-1A,Roostikasari Nugraheni  S.Hum.  M.Med.Kom.,G3.R5,Thu,0,4,07:30,10:50,4,theory,30
VD1DK03,Pengantar DKV,DKV-1A,Tyas Ajeng Nastiti  S.T.  M.Ds.,Coal Mill 102,Tue,8,14,14:10,19:10,6,theory,30
FT1IM03,Interaksi Manusia dan Komputer,DKV-3A,Trias Widha Andari  S.Sn.  M.Ds.,G3.R3,Tue,10,13,15:50,18:20,3,theory,30
FT1IM03,Interaksi Manusia dan Komputer,DKV-3A,Trias Widha Andari  S.Sn.  M.Ds.,C101,Mon,6,9,12:30,15:00,3,theory,30
VD1DP03,DKV I Sign Pictogram,DKV-3A,Nova Ridho Sisprasojo  S.Sn.  M.Ds.,Coal Mill 207,Mon,0,6,07:30,12:30,6,theory,30
VD1DS03,DKV I Sign System,DKV-3A,Rizky Noviasri  S.Sn.  M.Ds.,Coal Mill 201,Fri,6,12,12:30,17:30,6,theory,30
VD1TA13,Tipografi Aplikatif,DKV-3A,Tyas Ajeng Nastiti  S.T.  M.Ds.,Coal Mill 208,Fri,0,6,07:30,12:30,6,theory,30
VD1MF03,Multimedia (Fotografi),DKV-3A,Nova Ridho Sisprasojo  S.Sn.  M.Ds.,G3.R5,Thu,4,10,10:50,15:50,6,theory,30
VD1PK02,Psikologi Komunikasi,DKV-3A,Roostikasari Nugraheni  S.Hum.  M.Med.Kom.,G3.R5,Tue,6,10,12:30,15:50,4,theory,30
GS1EP03,Kewirausahaan,DKV-5A,Rizky Noviasri  S.Sn.  M.Ds.,Coal Mill 302,Tue,10,14,15:50,19:10,4,theory,30
VD1DC13,DKV III (City Branding),DKV-5A,Nova Ridho Sisprasojo  S.Sn.  M.Ds.,Limestone,Tue,4,10,10:50,15:50,6,theory,30
VD1DB13,DKV III (Corporate Branding),DKV-5A,Tyas Ajeng Nastiti  S.T.  M.Ds.,Coal Mill 208,Mon,8,14,14:10,19:10,6,theory,30
VD1CW03,Copywriting,DKV-5A,Irni Resmi Apriyanti  S.Ds.  M.Ds.,Coal Mill 206,Wed,0,6,07:30,12:30,6,theory,30
VD1BR03,Budaya Rupa Indonesia,DKV-5A,Irni Resmi Apriyanti  S.Ds.  M.Ds.,G3.R3,Wed,8,14,14:10,19:10,6,theory,30
VD1MC02,Kajian Media Cetak,DKV-5A,Roostikasari Nugraheni  S.Hum.  M.Med.Kom.,Coal Mill 203,Fri,4,8,10:50,14:10,4,theory,30
VD1IF03,Ilustrasi fashion,DKV-5A,Tyas Ajeng Nastiti  S.T.  M.Ds.,Coal Mill 203,Fri,8,14,14:10,19:10,6,theory,30
VD1SM03,Seminar dan Metodologi Penelitian,DKV-7B,Irni Resmi Apriyanti  S.Ds.  M.Ds.,Coal Mill 302,Thu,0,3,07:30,10:00,3,theory,30
VD1SM03,Seminar dan Metodologi Penelitian,DKV-7B,Irni Resmi Apriyanti  S.Ds.  M.Ds.,Coal Mill 205,Fri,11,14,16:40,19:10,3,theory,30
VD1IK03,Bisnis Industri Kreatif,DKV-7A,Tyas Ajeng Nastiti  S.T.  M.Ds.,Coal Mill 102,Tue,2,8,09:10,14:10,6,theory,30
VD1EX03,Exhibition,DKV-7A,Irni Resmi Apriyanti  S.Ds.  M.Ds.,G4.R1,Mon,7,13,13:20,18:20,6,theory,30
VD1MP03,Media Planning,DKV-7A,Rizky Noviasri  S.Sn.  M.Ds.,Coal Mill 204,Wed,8,14,14:10,19:10,6,theory,30
VD1WD03,Web Design,DKV-7A,Trias Widha Andari  S.Sn.  M.Ds.,Coal Mill 103,Fri,0,6,07:30,12:30,6,theory,30
VD1UI53,User Interface-Experience (UI/UX),DKV-A,Trias Widha Andari  S.Sn.  M.Ds.,Coal Mill 102,Mon,0,6,07:30,12:30,6,theory,30
VD1PD52,Poster Design,DKV-A,Rizky Noviasri  S.Sn.  M.Ds.,C101,Mon,10,14,15:50,19:10,4,theory,30
VD8TV53,Workshop TVC,DKV-A,Nova Ridho Sisprasojo  S.Sn.  M.Ds.,Limestone,Fri,8,14,14:10,19:10,6,theory,30
GS1WS02,Wawasan Persemenan,B,Brina Miftahurrohmah  S.Si.  M.Si,G4.R1,Fri,0,4,07:30,10:50,4,theory,30
GS1WS02,Wawasan Persemenan,B,Brina Miftahurrohmah  S.Si.  M.Si,Coal Mill 302,Tue,6,10,12:30,15:50,4,theory,30
GS1IR02,Agama,C,M. Fathoni,C101,Thu,0,4,07:30,10:50,4,theory,30
GS1IR02,Agama,C,M. Fathoni,Coal Mill 203,Thu,4,8,10:50,14:10,4,theory,30
GS1IR02,Agama,C,M. Fathoni,Aula A,Fri,10,14,15:50,19:10,4,theory,30
GS1EI02,Wawasan lingkungan,G,Irvan Adhin Cholilie  S.TP.  M.P,G4.R1,Wed,0,4,07:30,10:50,4,theory,30
GS1EI02,Wawasan lingkungan,G,Irvan Adhin Cholilie  S.TP.  M.P,Coal Mill 207,Fri,0,4,07:30,10:50,4,theory,30
GS1EI02,Wawasan lingkungan,G,Irvan Adhin Cholilie  S.TP.  M.P,G3.R1,Tue,6,10,12:30,15:50,4,theory,30
GS1EI02,Wawasan lingkungan,G,Irvan Adhin Cholilie  S.TP.  M.P,Coal Mill 301,Thu,10,14,15:50,19:10,4,theory,30
GS1EI02,Wawasan lingkungan,G,Irvan Adhin Cholilie  S.TP.  M.P,Coal Mill 206,Wed,5,9,11:40,15:00,4,theory,30
GS1EI02,Wawasan lingkungan,G,Irvan Adhin Cholilie  S.TP.  M.P,G3.R4,Fri,4,8,10:50,14:10,4,theory,30
GS1EI02,Wawasan lingkungan,G,Irvan Adhin Cholilie  S.TP.  M.P,G3.R3,Mon,0,4,07:30,10:50,4,theory,30
GS1EL02,Bahasa Inggris,E,Almira Fidela Artha  S.S.  M.Hum,Coal Mill 302,Mon,0,4,07:30,10:50,4,theory,30
GS1EL02,Bahasa Inggris,E,Almira Fidela Artha  S.S.  M.Hum,Coal Mill 206,Thu,0,4,07:30,10:50,4,theory,30
GS1EL02,Bahasa Inggris,E,Almira Fidela Artha  S.S.  M.Hum,G4.R2,Wed,0,4,07:30,10:50,4,theory,30
GS1EL02,Bahasa Inggris,E,Almira Fidela Artha  S.S.  M.Hum,Coal Mill 103,Mon,4,8,10:50,14:10,4,theory,30
GS1EL02,Bahasa Inggris,E,Almira Fidela Artha  S.S.  M.Hum,G3.R1,Fri,6,10,12:30,15:50,4,theory,30
FE1EB02,Bahasa Inggris Bisnis,D,Almira Fidela Artha  S.S.  M.Hum,G3.R1,Wed,6,10,12:30,15:50,4,theory,30
FE1EB02,Bahasa Inggris Bisnis,D,Almira Fidela Artha  S.S.  M.Hum,Coal Mill 205,Wed,10,14,15:50,19:10,4,theory,30
FE1EB02,Bahasa Inggris Bisnis,D,Almira Fidela Artha  S.S.  M.Hum,Coal Mill 207,Tue,6,10,12:30,15:50,4,theory,30
FE1EB02,Bahasa Inggris Bisnis,D,Almira Fidela Artha  S.S.  M.Hum,Coal Mill 103,Fri,10,14,15:50,19:10,4,theory,30
GS1II02,Bahasa Indonesia,A,Kukuh Yudha Karnanta  S.S  M.A.,Coal Mill 101,Fri,10,14,15:50,19:10,4,theory,30
GS1II03,Bahasa Indonesia,B,Kukuh Yudha Karnanta  S.S  M.A.,G4.R1,Thu,0,4,07:30,10:50,4,theory,30
GS1II04,Bahasa Indonesia,C,Kukuh Yudha Karnanta  S.S  M.A.,Aula A,Tue,4,8,10:50,14:10,4,theory,30
GS1II05,Bahasa Indonesia,D,Suryadi Kusniawan S.Hum.  M.Hum,G3.R2,Thu,0,4,07:30,10:50,4,theory,30
GS1II06,Bahasa Indonesia,E,Suryadi Kusniawan S.Hum.  M.Hum,Coal Mill 204,Fri,10,14,15:50,19:10,4,theory,30
GS1II07,Bahasa Indonesia,F,Suryadi Kusniawan S.Hum.  M.Hum,Aula A,Tue,0,4,07:30,10:50,4,theory,30
GS1II08,Bahasa Indonesia,G,Adelia,Coal Mill 206,Wed,9,13,15:00,18:20,4,theory,30
GS1II09,Bahasa Indonesia,H,Adelia,Aula A,Fri,7,11,13:20,16:40,4,theory,30
GS1II10,Bahasa Indonesia,I,Adelia,G4.R3,Mon,10,14,15:50,19:10,4,theory,30
GS1CZ03,Pancasila dan Kewarganegaraan,B,Ikhsan Rosyid  S.S.  M.Hum,G3.R5,Tue,0,6,07:30,12:30,6,theory,30
GS1CZ03,Pancasila dan Kewarganegaraan,B,Ikhsan Rosyid  S.S.  M.Hum,G4.R2,Fri,4,10,10:50,15:50,6,theory,30
Tugas Pra Desain Pabrik,3 SKS saja,GEN-1,TBA,Coal Mill 204,Tue,12,14,17:30,19:10,2,theory,30